{"assets/app-logo-filled.png":["assets/app-logo-filled.png"],"assets/app-logo-outlined.png":["assets/app-logo-outlined.png"],"assets/html/google_signin_success.html":["assets/html/google_signin_success.html"],"assets/sign_in_with_google.jpg":["assets/sign_in_with_google.jpg"],"packages/cupertino_icons/assets/CupertinoIcons.ttf":["packages/cupertino_icons/assets/CupertinoIcons.ttf"],"packages/fluttertoast/assets/toastify.css":["packages/fluttertoast/assets/toastify.css"],"packages/fluttertoast/assets/toastify.js":["packages/fluttertoast/assets/toastify.js"]}